<application>
  <component name="Translation.Cache">
    <option name="lastTrimTime" value="1723370024464" />
  </component>
  <component name="Translation.States">
    <option name="translationDialogHeight" value="260" />
    <option name="translationDialogLocationX" value="659" />
    <option name="translationDialogLocationY" value="385" />
    <histories>
      <item value="interval" />
      <item value="间隔" />
      <item value="Draw to filepath" />
      <item value="set native border radius" />
      <item value="draw rect" />
      <item value="Draws the sides of a rounded rectangle" />
      <item value="Draw round rect text" />
      <item value="方法" />
      <item value="fang'fa" />
      <item value="回调" />
      <item value="hui'diao" />
      <item value="hui'd" />
      <item value="hui'du'ai" />
      <item value="程序" />
      <item value="methend" />
      <item value="metho" />
      <item value="methond" />
      <item value="meth" />
      <item value="me" />
      <item value="函数" />
    </histories>
    <option name="languageScores">
      <map>
        <entry key="CHINESE" value="48" />
        <entry key="ENGLISH" value="48" />
      </map>
    </option>
  </component>
</application>