<application>
  <component name="Translation.Cache">
    <option name="lastTrimTime" value="1715734741051" />
  </component>
  <component name="Translation.States">
    <option name="translationDialogHeight" value="260" />
    <option name="translationDialogLocationX" value="659" />
    <option name="translationDialogLocationY" value="390" />
    <histories>
      <item value="方法" />
      <item value="fang'fa" />
      <item value="回调" />
      <item value="hui'diao" />
      <item value="hui'd" />
      <item value="hui'du'ai" />
      <item value="程序" />
      <item value="methend" />
      <item value="metho" />
      <item value="methond" />
      <item value="meth" />
      <item value="me" />
      <item value="函数" />
    </histories>
    <option name="languageScores">
      <map>
        <entry key="CHINESE" value="41" />
        <entry key="ENGLISH" value="41" />
      </map>
    </option>
  </component>
</application>